event_guid,person_guid
89bfa7cb-397f-5273-a391-439091a312f6,"00b3a94c-7e92-536b-a523-23e3d6f35d31"
6a8ddbec-8eb8-5478-8a17-790020e9de13,43e90c33-80ed-52a7-af4d-e356028d848b
b90f0704-3272-5fe0-a577-7314bfbf2d3a,"0b3ce205-5217-59f0-be7b-24b28010c903"
93fcab37-b20b-5f27-b853-ecc8b7cc1b69,6cc2b85e-ab72-5d89-9690-5ed3636b786b
147d4b17-a40d-505d-8899-b0cdcb6023e1,"00b3a94c-7e92-536b-a523-23e3d6f35d31"
7f7834bd-4f36-5ca8-b209-b129b51ca9ce,6d624d75-b580-58ea-9ea9-e7ffd80f5a0d
d6d6ea64-e0ac-5ba8-8973-d5c22d4827ab,f83228cd-7616-508a-bff9-794f4f7b3f62
a50c4248-d666-56b5-8f75-4460b54ffa72,54af53e2-2072-5307-8fd6-66b3fb973ad6
621a783d-0bf9-5454-9686-d68761295e8a,e957b986-0778-5e74-becc-2632c9a7e02c
afe1f258-d84e-5e33-96cb-d8b69ce40d9a,5fa041a1-2563-524b-ac15-31627b057db5
6d7fbc57-83e9-51be-a3f6-0305bd790470,cd514ad6-8077-5e3b-b934-b7a99f82604b
575e11cd-c13d-5b65-bf09-42287a10fc7a,7d86d79e-8ac5-59a5-b81b-dbe451c73189
575e11cd-c13d-5b65-bf09-42287a10fc7a,3825253c-a31e-56ea-9ca1-2c3d180bec25
3fe2c118-9f0a-5c50-808d-6f3b4562bf96,"073d7ab4-e5bf-5328-ac6d-da3706d3b03a"
"0af1b4a4-94f9-5f27-aa8f-11ff2a1f2fab",779e4079-2377-5996-bd64-130fd0353737
dcf457b1-c568-5923-b741-a302e521b81d,10567869-7509-58a2-8cc2-271fc1144df0
ad4a350d-f6fb-5db9-8136-bb584a7e1e51,57e415a8-db47-5928-8732-5bdb1f33a73e
e11986c0-09da-56dc-a59e-7d6bf413693e,"05bf795f-965f-51b5-9c51-ae2f39ab7610"
2c4a4874-86c5-5ede-af55-335d678931ef,6b8ec880-5b22-5aac-aa7b-b5b362a111df
398a602b-6a66-5f40-aeff-b4abf7bdd680,a1a0ca17-7883-5e8f-9e97-b5cf9a8e7dff
ff3c169b-8d95-5678-b942-05a583587507,44c3ff73-bb93-5898-9569-e1cc3897de99
8e639f15-ddbb-5515-b549-61db3d48cc1f,17bbeb1f-455e-54a1-93e8-df3c3cd9d7a1
d15aeaea-ce9c-5c9c-bf19-05e8094114f2,f6aae14e-a8b4-5d74-8af1-9f8b4e3658d1
6034cf7b-5571-525c-8853-6d7f68453c8f,57359bc7-dc0a-54ef-bf54-57a570c1d9fe
c46b3f26-1fb5-5f83-bd68-4392ef223d03,959b5c0a-6218-53ea-a636-b070a4c41132
e30cb05d-2472-5643-bd49-b809d22880fe,"09fa0916-3174-5ad8-9648-3b2ab2df08f2"
e30cb05d-2472-5643-bd49-b809d22880fe,7fdb1b5d-2034-5677-89fd-45b1befe2805
90ec00a3-a5f2-5732-a475-66f6fd8a9f80,b14dccc2-ae62-55ca-ae13-0e479ab820c2
2986c399-ac94-51bd-9bbc-1f5e7975d482,72d9eb9e-6ee0-5759-90c0-f69935f7f38f
61314d75-4fb4-58ea-b6e0-62c583fcf3ca,b81992e1-b2ce-5c88-880d-968d27eabfb5
1b3a929f-f641-51ed-87d2-0c1cabafdc2a,72d9eb9e-6ee0-5759-90c0-f69935f7f38f
f6aa4b70-6e3e-50e1-b8da-43a10d1d8f1f,6a922b8a-6ab0-55f5-84cf-c2cbf055aff7
d7a0118c-e24d-5553-82f2-dc18d86aeba7,c8558974-6b34-54b8-9198-fb08aaa1d16f
bfec90c9-6890-56a7-b604-669a05366f73,9d597435-56df-5361-b3ce-333a3bc61544
a19bd015-ea8c-5192-bd96-768c9ff341be,7461ad97-1ab8-52e4-9d53-113c898af466
d2a18327-b8e4-5d23-a137-c4a8d1b9c2ac,b7f860e0-861c-5617-b5ce-aca06b5ec1dd
de84d82c-1d56-5af6-a273-974ba89c4f48,ffb1ae64-7ac0-57d0-867b-53bda6490fb5
4bd56d6c-2ab6-5e86-ab29-74aa609fc424,c3aab149-a022-5279-88f4-aa60f88c927b
"0add4b18-a0f2-57bd-9e4b-fabf46a59ee9",6fe6cd8d-8ef5-55a2-b8a7-918f79e8b61d
72cc5c3f-734f-5111-b6dc-911866b5b908,38422398-6aa9-5a31-9822-39c61b35c454
4b1fafc0-36ab-52ce-b428-930007ea6b9a,59276ebe-3766-5f3e-85da-7ea5bd6c9690
4b1fafc0-36ab-52ce-b428-930007ea6b9a,e25584d7-0ed6-5cf9-9dfd-0ac0ee9b7e51
2997da02-b3d0-51a4-b6d5-7ce5e4de821f,5847f966-432f-5505-9549-4bdeb069a5a2
8aea46dc-68b9-59d7-820c-4222845751c3,ad314e6e-fbe5-5851-b306-412c89a97185
a6cf6771-e722-5f94-8db5-ba0efb87a9c0,40e7266c-efcd-59ca-b662-2043d79dcad5
8db1bd8f-2a17-55b6-b553-d8eadedb311f,f23963aa-a7f2-5134-8e17-9ab1e62bf5d6
8db1bd8f-2a17-55b6-b553-d8eadedb311f,"0e13e6ed-0318-5aa4-b54b-9fe14b35e75f"
d7df0a7f-a47e-508d-b662-fba0f7932462,959b5c0a-6218-53ea-a636-b070a4c41132
762a2cf3-59e0-535a-834f-949ce3bb2b8c,956ed3bd-57b7-56f7-9e02-42d8239c8a5d
d72a86fc-dd5c-5725-8fda-0c5e764c1fe4,b8b10f63-c0b5-5e97-ad58-6eea83928495
5b7ef005-71ad-5785-9d77-155e429524e8,d19ace12-75a3-53de-bcf0-e0a28c750acb
9c4f7491-bc87-55f7-b238-367d241280e8,15b04a85-f014-5c97-b1f8-7557cd2e99f8
"0dc8f1b4-1898-557b-b480-e5e8aa13548e","02532675-491d-5461-8e48-b1bae26155ff"
d65efae1-3bb5-54fe-b914-daa2a688a604,f5136abe-b7f3-5c38-a97b-b21d76fe2ad8
d65efae1-3bb5-54fe-b914-daa2a688a604,22308939-4a72-57e6-b1e9-ce7a1f6cfdd4
9be8bfa6-37ed-5540-bfcd-9288d8c50324,a5c62193-abfe-59b8-bf90-bebca54981d7
17fa1462-292a-5a72-aaaa-62791fc4d34b,53f23eaa-0643-54d1-947d-658c48294b8d
17fa1462-292a-5a72-aaaa-62791fc4d34b,7a404b1a-1aee-53b1-978d-e3dbcd202708
b6f4e25f-89f9-5d24-87b1-ec01cfb0a728,72d9eb9e-6ee0-5759-90c0-f69935f7f38f
b6f4e25f-89f9-5d24-87b1-ec01cfb0a728,a4395d1d-a455-537f-997d-16b9cd2136da
25c50eff-8351-5002-ad1a-37589710527b,ffb1ae64-7ac0-57d0-867b-53bda6490fb5
5c59aabd-23f8-57ce-86b9-8216bb1a481f,14ea030e-d8c7-56d7-88cf-ad93acc2d4fe
834e3209-e9e3-5fe1-89e0-dd7b6f633219,b81992e1-b2ce-5c88-880d-968d27eabfb5
ca1500e9-410a-5b60-a21a-2ef3313398b2,64cb3c4b-aa4e-52ff-a749-8ee854922c61
273f889d-43a8-559b-a145-c322f019171f,5fa041a1-2563-524b-ac15-31627b057db5
"06ae1c8b-9984-54c6-8a61-0f79a140f3af",62ca80a6-811a-51be-aefa-bf078c56ea1a
"06ae1c8b-9984-54c6-8a61-0f79a140f3af",881ef272-7145-57e3-835b-d6a055f5065f
da1dda44-4346-5023-84ca-61aafa833b5e,16c6c29a-83e5-5845-9135-1df1d4d9e921
b5a63f2b-3109-5fb7-b68c-d6bfbc14d90a,2d42265f-cc82-536c-ad20-becd847cd578
be3d6752-9470-5017-92b7-1aad2463fb61,d0a96ebf-d49c-52d9-b1df-ad55e97a1d4d
9530e1e8-31bb-53a7-b0df-8a85db921f3d,b7442cd2-c219-59f8-8012-5bcac6b92361
a0df0dbc-da89-5c01-8519-96df424e8f3b,7c202941-ad1e-5f50-b4ac-0270726c4a35
53760a0f-9266-5f62-a3de-c8d33c60b2b8,"00b3a94c-7e92-536b-a523-23e3d6f35d31"
8469d8cd-12c9-583f-9b85-9cbe114ba403,93ed8de7-6d98-5031-814e-285b7e246d75
bdfdf9e9-c2fd-5235-961c-08b086d25719,7ca3823b-4c2c-5de2-8b6f-19278c20d2cb
468f1e4f-36a2-5e15-8610-c6ce33fc6c94,17bbeb1f-455e-54a1-93e8-df3c3cd9d7a1
4549d219-5a0f-5613-83d9-5037de60c506,174b3977-0400-5f3f-a620-ec9edd9ee0b3
9c9bff12-81f7-5f02-bf6f-2ce310898bc9,841a2681-ca8e-5d55-ab75-5ada5fe3ec36
9c9bff12-81f7-5f02-bf6f-2ce310898bc9,23cc6e4e-2b68-5e65-a1dd-cb33a9f5fb07
a30846e3-6454-501e-ba01-4dd151f2a247,23cc6e4e-2b68-5e65-a1dd-cb33a9f5fb07
164ce9f6-df5b-53cc-aa91-927d49a3d848,c69f4245-8c68-5a01-92ea-7cb45ecb6fc5
57a2c2de-03f1-508b-ad26-c845a653d4d8,cabad9d4-6c82-516c-bced-38ed3f56565f
69fee14c-3866-572a-9d03-d666ad26e30c,72d9eb9e-6ee0-5759-90c0-f69935f7f38f
69fee14c-3866-572a-9d03-d666ad26e30c,a4395d1d-a455-537f-997d-16b9cd2136da
13d5227a-77ff-5628-a2b8-a18973804405,507be883-5b91-558f-9fbe-1fa1830de2c0
c182e93d-64d7-5e6f-959e-6b815a395207,a1fb45c5-2647-5bc6-b48e-832e4658f772
"026666eb-653b-5adb-8e02-89a07dc8feb5",11c9861b-5b20-5c53-94cd-ed5d4f9359ad
4b2af0c5-feab-5af1-bb44-fd48fc1b8d02,55fd9033-a46e-5bd2-8cd4-02dd56ddb627
c6b30477-4f43-5342-b19c-6466891759ef,"086b0a42-21e0-5fdd-8e71-ca7a89ed18de"
718578f9-5697-5548-bef4-da34eade5265,3b92e50d-0116-55fc-af55-5d609aff3696
f113bb13-4133-57b0-b459-475d064648d2,f769d0dc-0b57-567e-bedf-248ffc53721f
f113bb13-4133-57b0-b459-475d064648d2,b4c868b8-2c70-5a62-96d8-9740c3aa19ea
58d4d905-bf8d-5839-adf4-50ae11083678,d82de268-d2c7-528c-8f86-70ec4926a04f
58d4d905-bf8d-5839-adf4-50ae11083678,f6b6d6ec-73c0-514c-9adc-6b123dec7dc9
58d4d905-bf8d-5839-adf4-50ae11083678,86ce028b-4be3-5ac0-b26b-1020d8fbe0de
e45f4511-56ff-5bbd-a5c8-7c0907252bd0,9dbe0d22-4579-5efa-baa3-d6b11567fdec
f54c6488-9142-530f-8731-8ee4feb2c8b8,c8558974-6b34-54b8-9198-fb08aaa1d16f
ff405b18-4bf6-5fee-a806-a780da90ecbd,e617670a-0926-578c-8751-cb856fdf02c6
64c3b0ca-dc04-5fc1-b3e5-11cd7d1c40bf,72d9eb9e-6ee0-5759-90c0-f69935f7f38f
64c3b0ca-dc04-5fc1-b3e5-11cd7d1c40bf,a4395d1d-a455-537f-997d-16b9cd2136da
3d8748ba-37af-54b0-a842-e545b0947bdb,1d993d1d-5dca-542f-98ca-60d561bb56bb
55f171a8-fac4-5e5e-a5ae-b90a5d54e354,2fc4b0e8-f682-5973-8e13-3e3561b40568
93737e73-e211-5245-b03f-501e669e995c,9d597435-56df-5361-b3ce-333a3bc61544
2bc6e8cb-edc2-56bd-80c6-b1563edef0c0,f8adc93f-d3e8-5788-b863-507e2d168efa
2bc6e8cb-edc2-56bd-80c6-b1563edef0c0,aef6461c-cf14-5ae3-ab83-f3891d5b7d5b
306ac9e4-ac76-5635-bf5f-f6dfe36690c3,40e7266c-efcd-59ca-b662-2043d79dcad5
a5aff679-7207-54ef-b2a7-27a70edbb6fb,"06660bf8-0c03-5c8c-ab64-a8114d8322f4"
88d5997e-750e-519a-9aa6-326a9a281095,6e0cf576-b333-579c-b9ff-ea015cfd6a22
475ea3b3-a355-55e4-9335-de8ce2d3c220,5917dad0-8806-500c-9c5a-005c849c7fd8
"055d2b2b-5112-53d7-aa06-b26d39b25e4b",ad314e6e-fbe5-5851-b306-412c89a97185
"0fad2910-9e3c-5d8e-acfe-7ad413e49755",17cc6e5b-9e25-540b-a27c-e36cbded5738
113c2eeb-09fc-5877-992a-b202703de4d3,f58914e5-c420-5480-af62-15fcec6b54f4
7bb821e3-b6b8-503b-8c24-a5a2143edd80,c02a5e2f-c9f9-5418-9d8e-19756c869f02
41037c46-7fab-5ab7-aa34-ebb9148a54a3,38596665-5435-5bc8-89cd-8269f822f505
d7fb6e68-66cf-508f-ae84-3c63ad13d3d2,da5860e6-c8ac-5835-97b0-3a13db891d16
d7fb6e68-66cf-508f-ae84-3c63ad13d3d2,f8c99f10-9b88-5357-ae2a-4c7872e37221
c58255e4-9be7-566c-9a96-519a8e62ac0f,a1fb45c5-2647-5bc6-b48e-832e4658f772
14b269b4-fc15-5092-ac75-ea9e4d5e2b66,31f270bf-a3c7-510d-85c9-c5dc83437262
18757f3f-f995-582e-8bbd-8d9085eb4869,16c6c29a-83e5-5845-9135-1df1d4d9e921
c4a1a5a3-e59c-54de-9e2f-468370cd7282,909a112c-ac43-5927-a377-346415faa01b
b0040e11-d1b5-5bc5-abad-af05e61d847d,e62ed31e-a948-53ac-858f-9ed3e20d8a47
d65ca27b-49d2-599d-a60c-1d832f72df15,"02532675-491d-5461-8e48-b1bae26155ff"
4f6feb63-4d33-5221-a11f-c1f134b2a051,174f96b8-c9eb-5004-b138-1a04fe192a57
6437b0bb-5f9b-545b-894b-6fbdc30fdf21,507be883-5b91-558f-9fbe-1fa1830de2c0
f7f899a8-3ca3-597e-a5fd-fc8591d7f8e9,5dd3557f-773e-5442-9df6-a88b057ed8eb
f7f899a8-3ca3-597e-a5fd-fc8591d7f8e9,74105dc5-8ebf-551f-a699-baeb71a0db1d
5b4cb8a8-549f-59f3-ba69-7972fc9d555f,6cc2b85e-ab72-5d89-9690-5ed3636b786b
5b4cb8a8-549f-59f3-ba69-7972fc9d555f,fe00cb76-628d-58e1-8675-e03d74391992
c8113e2c-8c75-5d33-8081-58c2da86b6bf,c3aab149-a022-5279-88f4-aa60f88c927b
c8113e2c-8c75-5d33-8081-58c2da86b6bf,bd6e586a-1a9d-58bf-ae65-de9992689cb5
7868ec9d-2b10-51c1-b1d1-c9cc10648df5,38422398-6aa9-5a31-9822-39c61b35c454
7868ec9d-2b10-51c1-b1d1-c9cc10648df5,25e95196-a04c-5e05-ba4f-0adf7effd9cb
e5621936-d465-5208-8fd5-1e6e626242e5,22308939-4a72-57e6-b1e9-ce7a1f6cfdd4
d5d42dfa-386a-57fc-98ea-41ec25487144,72bcd292-7ba6-53b2-97f2-e95ed95a0435
2bae688f-23fa-5643-b791-6d3d241ddd0b,40e7266c-efcd-59ca-b662-2043d79dcad5
a63061c9-0036-5f33-855f-5a322bd05719,10567869-7509-58a2-8cc2-271fc1144df0
a63061c9-0036-5f33-855f-5a322bd05719,"0df177d6-e450-5a66-8bbd-03d5530ffe56"
3ef8fed1-fd2b-5f68-9942-8998920642be,"0df177d6-e450-5a66-8bbd-03d5530ffe56"
