guid,name,biography
"00b3a94c-7e92-536b-a523-23e3d6f35d31",Marco Bernasocchi,"Marco Bernasocchi is an open-source advocate, entrepreneur and full-stack geoninja. He is the creator of QField for QGIS, currently serves as QGIS.org Chair, and is an Open Source Geospatial Foundation board member. In his day job, Marco is the CEO of OPENGIS.ch, which he founded in 2011.

A geographer by trade, Marco lives in a small Romansh-speaking mountain village in Switzerland, where he loves scrambling around the mountains to enjoy the feeling of freedom it gives him. Outgoing, flexible and open-minded, Marco fluently speaks five languages. The best thing is: He not only knows how to say it but also loves sharing his know-how."
43e90c33-80ed-52a7-af4d-e356028d848b,Gerhard Andrey,"Gerhard Andrey is a trained carpenter, wood engineer, and postgraduate computer scientist. Andrey is co-founder of the digital agency Liip, with around 200 employees in six locations in Switzerland. Among other things, he is a member of the board of directors at the Alternative Bank Switzerland. Since 2019, Andrey has been a member of the National Council of the Green Party of Fribourg and is politically committed in particular to more sovereignty in the digital space."
"0b3ce205-5217-59f0-be7b-24b28010c903",Lorenz Hurni,Lorenz Hurni is Professor of Cartography at ETH Zurich and also conducts research into tools for the production of printed and multimedia maps. He is editor-in-chief of the Atlas of Switzerland and the Swiss World Atlas.
6cc2b85e-ab72-5d89-9690-5ed3636b786b,Kurt Menke,"In early 2021, Kurt moved from the USA to Denmark and now works for Septima in Copenhagen, Denmark. He has a broad skillset. He is a spatial analyst, cartographer, trainer/teacher and author. In 2025 he published his 11th book on the open-source GIS software QGIS with Locate Press the spanish translation of Discover QGIS 3.x -  Descubriendo QGIS.  He has been an OsGeo Charter Member since 2015. He is also a fellow of the Rewilding Institute and a board member of Wild Arizona."
6d624d75-b580-58ea-9ea9-e7ffd80f5a0d,Mario Bühler,"GIS Specialist at Geotest AG, working with geospatial data to support analysis and decision-making in engineering and environmental projects."
f83228cd-7616-508a-bff9-794f4f7b3f62,Teemu Saloriutta,
54af53e2-2072-5307-8fd6-66b3fb973ad6,Pekka Sarkola,"Pekka Sarkola has over 30 years of experience in building GIS solutions. He began his career at the National Land Survey of Finland, spending several years working with closed-source GIS software before transitioning to actively using FOSS4G software in 2012.

Pekka is the founder of Gispo companies in Finland [(Gispo Suomi Oy)](https://www.gispo.fi) and Sweden [(Gispo Sverige AB)](https://www.gispo.se). He currently works as a senior GIS expert, focusing primarily on Enterprise GIS solutions and GIS database design and modeling. Pekka has worked in numerous GIS domain areas, including forestry, topographic data management, aviation, defense, telecommunications, and city planning.

As a volunteer, Pekka is a founder member of [OSGeo Suomi ry](https://www.osgeo.fi) (the local chapter of the OSGeo Foundation in Finland) and has organized [FOSS4G Suomi](https://2025.foss4g.fi/) (most recently in 2025). He is also a Charter Member of the OSGeo Foundation and the president of OSGeo Suomi ry. Furthermore, he is a co-organizer of the Helsinki PostgreSQL meetup and an active neighborhood OpenStreetMap mapper."
e957b986-0778-5e74-becc-2632c9a7e02c,Valentin Cotta,"Developer and designer with a strong inclination for the humanities, I resumed my studies in archaeology a few years ago to offer my skills to research and culture."
5fa041a1-2563-524b-ac15-31627b057db5,Martin Dobias,"Martin has been a QGIS core developer for 20+ years and chaired QGIS User Conference 2024 in Slovakia. Working at Lutra Consulting, he has been adding new functionality (and bugs) to QGIS with his team and improving the ecosystem around QGIS."
cd514ad6-8077-5e3b-b934-b7a99f82604b,Stefanos Natsis,"Studied survey engineering at the National Technical University of Athens. My love for QGIS and open source drove me from gis power user to QGIS core developer. I now work as a software developer for Lutra Consulting ltd, squashing bugs and bringing new features to the best gis platform out there."
7d86d79e-8ac5-59a5-b81b-dbe451c73189,Lova Andriarimalala,"Lova is a passionate Web GIS Developer based in Antananarivo, Madagascar. He thrives on blending the power of open-source technologies with his creative mapping skills. With a strong foundation in self-taught GIS expertise, Lova has dedicated himself to developing dynamic web-based GIS applications and crafting visually captivating maps using QGIS. Complementing his GIS skills, Lova is well-versed in web development. He harnesses the power of Python, Django, and JavaScript to create robust web-based GIS applications that provide users with seamless access to spatial data and interactivity. He specialises in leveraging these capabilities as decisive tools in humanitarian initiatives, reflecting a commitment to driving positive change through innovative geospatial strategies. Beyond his digital world, Lova is an avid hiker. He finds solace in exploring the great outdoors, which not only recharges his creativity but also deepens his understanding of the landscapes he represents in his maps."
3825253c-a31e-56ea-9ca1-2c3d180bec25,Tim Sutton,"Tim Sutton has been involved in QGIS since shortly after its first release in 2002, writing part of the early desktop application and now focusing on the project's infrastructure, documentation, and community. He is a former Chair of QGIS.org and has been an Honorary QGIS PSC Member since 2018, as well as an OSGeo charter member and current OSGeo board director. In 2014 he co-founded Kartoza, where his work centres on humanitarian and environmental projects. He lives and works remotely from a smallholding in the Alentejo, Portugal."
"073d7ab4-e5bf-5328-ac6d-da3706d3b03a",Jean d'amour  Byiringiro,"Byiringiro Jean Damour is a Conservation Biologist and researcher affiliated with the University of Rwanda, College of Agriculture, Forestry and Food Sciences. His work focuses on biodiversity conservation, with a particular interest in bee diversity, pollinator ecology, and ecosystem sustainability.

He is the founder of Rwanda Eco Research Association and co-founder of Eco Quest Travel Company, where he integrates research, conservation, and eco-tourism initiatives. His current research involves the national assessment of bee diversity across Rwanda, combining field data collection with geospatial analysis using QGIS to map species distribution and habitat interactions.

Jean Damour has experience in ecological data collection, GIS mapping, and environmental research, with additional interests in ornithology, bat research, and climate change. He is passionate about promoting community awareness, addressing misconceptions about pollinators, and developing sustainable conservation solutions."
779e4079-2377-5996-bd64-130fd0353737,Philipp Schüller,QGIS Enthusiast and Sailor
10567869-7509-58a2-8cc2-271fc1144df0,Saber Razmjooei,"Saber is co-founder of Lutra Consulting, a major contributor to QGIS."
57e415a8-db47-5928-8732-5bdb1f33a73e,Helga Gansone,"Helga Gansone is a cartographer at EU Temporalis with 2.5 years of experience supporting bird monitoring projects through geospatial workflows. She uses QGIS and Mergin Maps to design practical solutions for field data collection, management, and visualization, and work with collected data to create maps that support fieldwork and analysis."
"05bf795f-965f-51b5-9c51-ae2f39ab7610",Matt Davies,"Matt has 25+ years’ experience collating, analysing and presenting spatial data to deliver the actionable information. He runs the geo-spatial consultancy Maplango.com and the on-demand QGIS training & resources hub Spatialsesh.com.

He works with consultancies, land managers and governmental organisations to create the spatial evidence and analysis needed to target resource allocation, improve land management, and make informed policy & strategic decisions. He has extensive and in-depth experience on ecological, green infrastructure, landscape, ecosystem services and estate management projects. He also loves to build capacity and has trained thousands of delegates in the ecology and landscape professions to use QGIS with confidence."
6b8ec880-5b22-5aac-aa7b-b5b362a111df,Jakob Heinzle,"-"
a1a0ca17-7883-5e8f-9e97-b5cf9a8e7dff,Brigitte Suter,"Brigitte Suter’s educational background is in environmental engineering, with a postgraduate Certificate of Advanced Studies (CAS) in geoinformation from the Swiss Federal Institute of Technology Zurich (ETH Zurich). In her work, she has been managing soil mapping projects in the Swiss public administration since 2008. She is passionate about GIS and open-source technologies."
44c3ff73-bb93-5898-9569-e1cc3897de99,Carlos Eduardo Mota,"Geologist PhD of Geological Survey of Brazil.
Experienced GIS FullStack Developer (Python, Javascript, PostgreSQL/PostGIS) since 2007.
- https://www.osgeo.org/member/mota/
- https://cmota.dev/"
17bbeb1f-455e-54a1-93e8-df3c3cd9d7a1,Stefan Keller,
f6aae14e-a8b4-5d74-8af1-9f8b4e3658d1,Patrick Gamma,"Diploma (1992) and PhD (1999) in Geography in Bern, Switzerland
Scientific collaborator at Geo7, Geowissenschaftliches Büro, Switzerland (1990 - 2000)
Head of GIS Group at Office for Water and Waste, Canton Bern, Switzerland (2000 - 2010)
Project leader Geodata Warehouse FSDI, swisstopo (2011 - 2015)
Deputy Head of Geodata systems development and operation, swisstopo, Switzerland (since 2016)"
57359bc7-dc0a-54ef-bf54-57a570c1d9fe,Eero Hietanen,"Working as Product Owner at the IT-department of National Land Survey. Interested in OS, agile development, maps, data modelling and data flows."
959b5c0a-6218-53ea-a636-b070a4c41132,Vincent Picavet,"Vincent has been involved in OpenSource geospatial for the last 20 years. Initially an applied mathematics engineers, he founded Oslandia in 2009, focusing on OpenSource software for the geospatial industry : PostGIS Experts, QGIS core contributors, GIS platforms… Oslandia is now a key player in the FOSS4G industry. Vincent is now president at Oslandia, dedicated to communication, partnership and strategy."
"09fa0916-3174-5ad8-9648-3b2ab2df08f2",Annie Josefsson,"Annie is an urban planner with a passion for the use of spatial data and GIS to create smart workflows. She is an open-source enthusiast and board secretary of the Swedish QGIS user group. She lives in Stockholm, Sweden and is currently working at Sweco, a consulting company in the urban development sector."
7fdb1b5d-2034-5677-89fd-45b1befe2805,Viktor Pettersson,"Viktor holds a master’s degree in Urban and Regional Planning from Stockholm University and has several years of experience in municipal work within GIS, digitalization, and urban planning. He has led the development of digital processes within urban planning, GIS‑based analysis and visualization, and worked strategically with FME solutions and AI‑supported tools. He currently works as a consultant in GIS, geodata, and FME at Sweco."
b14dccc2-ae62-55ca-ae13-0e479ab820c2,Clemens Rudert,"Studied surveyor who quickly drifted into GI. After some stops in the public administration as devloper and solutions architect I'm docked at OPENGIS.ch for some years now.

I'm fascinated of the space between the worlds - Translation between different standards and software. And as far as I can forsee it, its a never ending story."
72d9eb9e-6ee0-5759-90c0-f69935f7f38f,René-Luc Dhont,"3Liz founder, QGIS user, QGIS Server contributor, and Lizmap developer"
b81992e1-b2ce-5c88-880d-968d27eabfb5,Michael Schmuki,"- Full stack GeoNinja @ [OPENGIS.ch](https://www.opengis.ch/)
- Web cartography teacher @ [Baugewerbliche Berufsschule Zürich](https://www.bbzh.ch/)
- [@boardend](https://github.com/boardend) on GitHub"
6a922b8a-6ab0-55f5-84cf-c2cbf055aff7,Produit Timothe,"Timothée Produit, an environmental engineer graduated from EPFL and holder of a PhD in geoinformatics, is passionate about data, spatial analysis, and concrete, real-world projects. He moves seamlessly between research, development, and technical project management, with a strong interest in innovative solutions, particularly in the fields of GIS and machine learning.

He has contributed to a wide range of projects, from water network simulation platforms to participatory 3D tools for enhancing historical photographs. He enjoys turning complex ideas into practical and useful tools.

Outside of work, Timothée is a keen outdoor sports enthusiast: skiing, paragliding, ultra-cycling, and long-distance bike travel."
c8558974-6b34-54b8-9198-fb08aaa1d16f,Jakob Schnell,
9d597435-56df-5361-b3ce-333a3bc61544,Emmanuel Belo,"Emmanuel Belo is a geospatial software and business leader at Camptocamp, where he leads the Geospatial Solutions Business Unit and serves on the management board. With more than 20 years of experience in open source geospatial technologies, he works at the intersection of GIS, custom software development, cloud infrastructure, and applied AI. He is also the creator of qfit, a QGIS plugin for importing, visualizing, and publishing fitness activity data."
7461ad97-1ab8-52e4-9d53-113c898af466,Valentin Buira,"Urban planner and QGIS developer, I worked on planning and mobility issues.

Today I primarily contribute to the QGIS project, where I try to improve user experience by my own experience in urban planning. And in return I integrate QGIS in my workflows. Effectively following ""Eating your own dog food"" principles.

I also advocate for greater diversity within the fields of geomatics and open source."
b7f860e0-861c-5617-b5ce-aca06b5ec1dd,Immo Blecher,"Immo Blecher has been working with QGIS for many years, mainly mapping on geological and hydrogeological projects in South Africa and Africa, but also developed an open-source water management software with QGIS interaction called Aquabase. He is now working for the Mobilfunkinfrastrukturgesellschaft in Naumburg (Saale), Germany, mapping mobile infrastructure development projects in QGIS and ArcGIS."
ffb1ae64-7ac0-57d0-867b-53bda6490fb5,Isabelle Korsch,Isabelle Korsch is a mathematician and is working at WhereGroup in Berlin since 2022. She is mainly involved in the development of QGIS Python plugins. She is also a trainer at the FOSS Academy (https://www.foss-academy.com).
c3aab149-a022-5279-88f4-aa60f88c927b,Eduard Kazakov,"Geospatial expert with scientific and industrial experience and a passion for open-source GIS. An active member of the QGIS community, serving as a translations coordinator, plugins developer, and event organizer. Currently contributing to building the geospatial stack at NextGIS OÜ as a Head of International Business Development. My favorite aspect of GIS work is geographic modeling and addressing environmental challenges."
6fe6cd8d-8ef5-55a2-b8a7-918f79e8b61d,Amar Sarvepalli,"Amar Sarvepalli is the Travel Demand Modeling Manager at the Florida’s Turnpike Enterprise (FTE), with more than 20 years of experience in travel demand modeling, forecasting, and data-driven transportation analytics. As the principal architect of the Turnpike State Model (TSM), he has advanced statewide modeling through innovations in land use modeling, route choice, congestion pricing, market-based tour models, and network analytics. His work spans open-source modeling tools, data science, choice modeling, and traffic and revenue forecasting, with a strong emphasis on QGIS-based application development and scalable geospatial system design. A dedicated advocate for open-source technologies, Amar has championed the use of platforms such as QGIS to replace proprietary modeling environments, enabling more transparent, cost-effective, and extensible solutions. He has also led the integration of artificial intelligence, advanced analytics, and web-based visualization into FTE’s modeling ecosystem, helping modernize analytical workflows and accelerate project delivery."
38422398-6aa9-5a31-9822-39c61b35c454,Joona Laine,"Joona is a Geospatial Software Consultant and open source enthusiast with a special interest in QGIS and QField plugin development tools. He has been part of the development team behind the [Finnish Topological Database Management System](https://talks.osgeo.org/qgis-uc2025/talk/VZAK3J/) and has contributed to numerous other QGIS plugins over the years.

He is also one of the main developers of pytest-qgis, pytest-qfield, flake8-qgis, qgis-plugin-dev-tools and qgis_plugin_tools."
59276ebe-3766-5f3e-85da-7ea5bd6c9690,İdil Malgil,"İdil Malgil is an architect and digital heritage specialist focusing on spatial analysis and landscape archaeology. She received her Bachelor’s degree in Architecture from Istanbul Technical University in 2014 and completed her Master’s degree in Historic Preservation at Pratt Institute. She has participated in several major archaeological projects in Türkiye, including Assos, Pergamon, Aphrodisias, and Karahantepe.

She currently serves as the lead documentation expert for the Parion excavations, where she specialises in the integration of remote sensing technologies and GIS-based analysis for archaeological research. She is also a PhD candidate in Archaeology at HSE University, within the Institute for Oriental and Classical Studies. Her doctoral research, titled “Spatial Organisation and Urbanism of Parion Following the Roman Presence: Remote Sensing and Digital Methods,” focuses on reconstructing urban and landscape organisation through LiDAR, GPR and GIS-based methodologies."
e25584d7-0ed6-5cf9-9dfd-0ac0ee9b7e51,Sadık TUĞRUL,"Sadık Tuğrul is an archaeologist specializing in funerary archaeology, burial practices, and the spatial organisation of past societies. He holds MA and PhD degrees in Classical Archaeology and has taken part in several archaeological projects, including Antiocheia ad Cragum, Hadrianoupolis, and Parion. Since 2011, he has been involved in the excavations at Parion, where his research combines archaeological field data with spatial and contextual analysis to better understand urban structure, mortuary landscapes, and patterns of continuity and change in the Roman world."
5847f966-432f-5505-9549-4bdeb069a5a2,CAZ Consultants Consultants from A to Z,"Arnoldo Coronado is a Civil Engineer, researcher, and university lecturer specializing in Structural Engineering. His professional work focuses on Quality Control, Technical Supervision, and Forensic Engineering.

Throughout his career, he has conducted interdisciplinary research ranging from the real-world application of structural design codes in the city of Tijuana to the study of covalent social, urban, and environmental factors and their influence on crime distribution patterns in urban environments, using spatial analysis and Geographic Information Systems.

He is a founding partner of the Cabo Investor Forum, an incubator-style platform designed to guide foreign investors interested in developing projects in Mexico. The initiative provides a professional support framework that integrates technical, legal, and strategic services to help safeguard and structure international investments.

Currently, he serves as a faculty member at the Instituto Tecnológico Nacional de México, Tijuana Campus, where he teaches in both the Architecture and Civil Engineering programs. His courses include Sustainable Development, Mathematics, Dynamics, Resource Optimization Models, Highway Engineering, and Topography.

His academic and professional interests lie at the intersection of engineering, spatial analysis, and urban systems, with a growing emphasis on the use of geospatial tools such as QGIS to better understand the complex relationships between infrastructure, environment, and social dynamics in contemporary cities."
ad314e6e-fbe5-5851-b306-412c89a97185,Narcélio de Sá,"I am a Municipal Treasury Auditor and Geographer specializing in fiscal intelligence and real estate taxation. As an OSGeo Charter Member and founding member of OSGeo Brazil, I currently coordinate the QGIS Brazil User Group, leading software localization and community support for the Lusophone world. Having served on the Organizing Committee for FOSS4G 2024 Belém, I focus on the strategic implementation of open-source geospatial tools within public administration to achieve data sovereignty and technical efficiency in urban management."
40e7266c-efcd-59ca-b662-2043d79dcad5,Hans van der Kwast,Hans van der Kwast is Associate Professor of Open Science and Digital Innovation at [IHE Delft Institute for Water Education](https://www.un-ihe.org/). Through the [GIS OpenCourseWare platform](https://courses.gisopencourseware.org/) and his popular [YouTube channel](https://www.youtube.com/@hansvanderkwast) he shares free tutorials. He is a board member of the [Dutch QGIS Users Association](https://qgis.nl/) and has his own consultancy [QWAST-GIS](https://www.qwast-gis.com/). He co-authored the book [QGIS for Hydrological Applications](https://locatepress.com/book/hyd2) with Locate Press.
f23963aa-a7f2-5134-8e17-9ab1e62bf5d6,Selma Vidimlic Husic,QGIS Documentation Writer
"0e13e6ed-0318-5aa4-b54b-9fe14b35e75f",Hefni Azzahra,QGIS Documentation Writer
956ed3bd-57b7-56f7-9e02-42d8239c8a5d,Jean Felder,Jean Felder is a data processing engineer. He joined Oslandia in 2022 to contribute to the development of open-source GIS tools. He is a regular contributor to QGIS 3D and QGIS Server.
b8b10f63-c0b5-5e97-ad58-6eea83928495,Romedi Filli,"I have been working for the Canton of Schaffhausen for 20 years and am responsible for the cantonal geodata infrastructure. Over the years, we have discovered the advantages of open source. We are strongly engaged and appreciate the inspiring exchange within the community, which has repeatedly produced great ideas and open source tools."
d19ace12-75a3-53de-bcf0-e0a28c750acb,Jan Caha,"Software Developer at Lutra Consulting and Associate Professor at the Institute of Geoinformatics, VSB – Technical University of Ostrava. Focuses on OSS development. QGIS contributor, QGIS plugins author - LoS tools (Visibility Analysis),  Bivariate Renderer, QMapshaper (QGIS-Mapshaper integration)."
15b04a85-f014-5c97-b1f8-7557cd2e99f8,Benoit De Mezzo,
"02532675-491d-5461-8e48-b1bae26155ff",Dave Signer,"I am a swiss senior developer at OPENGIS.ch and there I work as QGIS core commiter and main responsible for INTERLIS solutions and the Model Baker plugin. I am passionate about developing innovative ideas, learning new technologies and finding solutions to challenging problems."
f5136abe-b7f3-5c38-a97b-b21d76fe2ad8,Johnny Sequeira,Working as support of QField and QFieldCloud at OPENGIS.ch
22308939-4a72-57e6-b1e9-ce7a1f6cfdd4,Mathieu Pellerin,"Mathieu Pellerin is the QField lead developer and project owner over at OPENGIS.ch as well as a QGIS core developer. While starting mainly focused on user interface improvements, Mathieu has over the year touched on many parts of QGIS from symbology to data providers and the processing toolbox."
a5c62193-abfe-59b8-bf90-bebca54981d7,Jacob Melly,PhD candidate in Polar Sciences at Ca' Foscari University of Venice
53f23eaa-0643-54d1-947d-658c48294b8d,Peter Gipper,"Peter Gipper is a geoscientist and has been part of the WhereGroup team since 2019, working as a GIS consultant and developer. He specializes in QGIS plugin development, which is also his main area of interest."
7a404b1a-1aee-53b1-978d-e3dbcd202708,Nimrod Gavish,"Nimrod Gavish is a Geospatial Data Analyst and Software Engineer with more than 8 years in the open-source GIS space. He is currently working at the WhereGroup GmbH as a QGIS Consultant/Developer, specializing in QGIS application and plugin development."
a4395d1d-a455-537f-997d-16b9cd2136da,Michaël DOUCHIN,"QGIS and PostgreSQL lover for 20 years
Co-inventor of Lizmap Web Client.

I live in Montpellier, France and love tennis 🎾 and hiking 🥾
I work for 3Liz company"
14ea030e-d8c7-56d7-88cf-ad93acc2d4fe,Anita Graser,"Anita Graser is a Senior Scientist and Thematic Coordinator in the Data Science & Artificial Intelligence research group at the AIT Austrian Institute of Technology in Vienna. Her research background is in geoinformatics and spatial data science. She is an open-source advocate, serves on the QGIS project steering committee and teaches Python for QGIS at Unigis Salzburg. She is the lead developer of MovingPandas (a Python library for analyzing movement data) and has developed tools such as the Time Manager plugin for QGIS. She has received multiple awards, including the international OSGeo Sol Katz award for her contributions to open-source geographic information systems. Anita has published several books about QGIS, including “Learning QGIS” and “QGIS Map Design” and writes a popular spatial data science blog at https://anitagraser.com."
64cb3c4b-aa4e-52ff-a749-8ee854922c61,Andreas Konring,
62ca80a6-811a-51be-aefa-bf078c56ea1a,Olivier Monod,"Geographer and environmental engineer with a passion for geodata and the development of robust, open-source infrastructures for geospatial web applications."
881ef272-7145-57e3-835b-d6a055f5065f,Chaves,
16c6c29a-83e5-5845-9135-1df1d4d9e921,Raymond Nijssen,"Raymond has been working as a freelancer in GIS for over 15 years. He's an open source enthusiast, a long term QGIS contributor and the president of the Dutch QGIS User Group."
2d42265f-cc82-536c-ad20-becd847cd578,Mohammad Alamir Tamer,Information Management at UNOCHA
d0a96ebf-d49c-52d9-b1df-ad55e97a1d4d,Kangkan Sarkar,
b7442cd2-c219-59f8-8012-5bcac6b92361,Aditi Bhandari,
7c202941-ad1e-5f50-b4ac-0270726c4a35,Johannes Kanonier,"Degree in Surveying, Mapping and Remote Sensing, TU Vienna (1989)
Degree ""Technischer Umweltschutz"", TU / BOKU Vienna (1993)"
93ed8de7-6d98-5031-814e-285b7e246d75,Alexandre Demidov,"<p>
  <strong>GIS Expert & Developer at BRGM</strong> (the French Geological Survey), I hold a double background in Geosciences and Computer Science.
  I specialize in streamlining complex geospatial workflows, focusing on developing Python-based solutions and QGIS plugins to automate data acquisition and thematic mapping.
  With extensive experience in field data management and remote sensing, I currently implement ntegrated QField-QGIS pipelines to ensure digital continuity from the outcrop to final cartographic production.
</p>"
7ca3823b-4c2c-5de2-8b6f-19278c20d2cb,Pierre Cothereau,
174b3977-0400-5f3f-a620-ec9edd9ee0b3,Juan Gomez Luna,"Juan Gomez Luna is a GIS architect with four decades of experience building large-scale geospatial systems. As CEO of Geospatialis, he focuses on cloud-native GIS solutions based on QGIS and PostGIS. His work spans government, utilities, and international organizations, where he designs production-ready platforms for managing and analyzing spatial data at scale."
841a2681-ca8e-5d55-ab75-5ada5fe3ec36,Hans-Jörg Stark,will be added later...
23cc6e4e-2b68-5e65-a1dd-cb33a9f5fb07,Marta Siebel,"I am a Data Engineer and GIS Analyst at GEOTEST AG, focusing on geospatial data engineering and GIS workflows for natural hazard assessment. With an academic background in Development Economics and impact evaluation, I transitioned through data analytics roles in public infrastructure development, including work at the World Bank, into applied geospatial analysis."
c69f4245-8c68-5a01-92ea-7cb45ecb6fc5,Rudolf Doninger,"20 years experience in telecommunication & it
5 years experience in GIS informatics engineering"
cabad9d4-6c82-516c-bced-38ed3f56565f,Paolo Molini,"Paolo Molini is Head of GIS and Mapping at Iren Ambiente, part of the Iren Group, one of the largest multi-utilities in Italy.
He has over ten years of experience in developing GIS tools to support waste collection services, with a strong focus on service design, operational optimisation, and effective data visualisation for both internal departments and external stakeholders.
At QGIS User Conference 2026, he will present an in-house developed QGIS plugin that enables the efficient calculation of operational parameters for waste collection services from vehicle GPS tracks, achieving an 80% reduction in analysis time compared to previous manual workflows.
In his spare time, you can find him exploring nature, by foot or with a drone."
507be883-5b91-558f-9fbe-1fa1830de2c0,Sultan Hasan Alsultan,"Dr. Sultan Al Sultan, leading an era of open-source Geospatial Technology Software in Saudi Arabia, Tokyo Institute of Technology PhD, a senior researcher at NASA, USGS, and has been a researcher in JAXA, RESTEC-Japan. he graduate from MIT Massachusetts Institute of Technology, and previously from George Washington University, USA. He represented Univeristy Space Engineering Consortium (UNISEC) for Saudi Arabia Universities. He is Saudi Arabia Parliament Member 2013-2017. Today he is the Founder and CEO of Environmental Remote Sensing Lab (TECRS-Lab)."
a1fb45c5-2647-5bc6-b48e-832e4658f772,Mie Winstrup,"GIS-consultant at Septima and board member of the Danish QGIS User Group. I teach a lot of QGIS courses and manage some of our Septima plugins. I contribute to the QGIS-project with the Danish translation of QGIS, writing blogs about QGIS and I have developed the 'Move to Top'-functionality in the layer panel."
11c9861b-5b20-5c53-94cd-ed5d4f9359ad,Andreas Neumann,"Andreas is the project manager for the Atlas of Switzerland at the Institute of Cartography and Geoinformation at ETH Zurich. Together with a team of developers and editors, he is working on the future web version of the Swiss National Atlas. In addition to his work on the “Atlas of Switzerland,” he contributes to teaching cartography and geoinformatics at ETH Zurich. He also serves as treasurer on the QGIS Steering Committee (PSC). In addition to QGIS, other FOSSGIS tools such as PostgreSQL/PostGIS, GDAL/OGR, PDAL, Python, etc., are also used."
55fd9033-a46e-5bd2-8cd4-02dd56ddb627,Matthias Pleyer,Passionate about exploring different (snowy) mountain ranges of the world. He manages a variety of projects incorporating remote avalanche control systems and avalanche detection systems with a focus on digitizing and improving local avalanche operations or other operations focussing on natural hazards.
"086b0a42-21e0-5fdd-8e71-ca7a89ed18de",Loris Hubler,Loris Hubler studied Geography in Bern and Zurich and holds a Master's degree in Geoinformation Science (GIScience). He is a DevOps GIS engineer in the GIS team of the Canton of Basel-Stadt.
3b92e50d-0116-55fc-af55-5d609aff3696,Kyungmin Kim,"Kyungmin Kim is a Master of Design Studies candidate at the Harvard Graduate School of Design. Her work examines how tools such as GIS shape design culture and the production of spatial knowledge. She focuses on understanding existing conditions and maintenance across multiple scales in the built environment, and how spatial analysis informs design decisions. With a background in architectural practice, she approaches geospatial tools as a way to interpret and act on spatial conditions."
f769d0dc-0b57-567e-bedf-248ffc53721f,Laura Tinarelli,"Landscape architect based in Florence, who has collaborated for years with the INLAND studio, carrying out professional and applied research activities in the field of landscape design, with a particular focus on the use of QGIS applied to environmental and landscape management"
b4c868b8-2c70-5a62-96d8-9740c3aa19ea,Ilaria Scatarzi,GIS Specialist in Forestry and Environmental Science from Florence Italy
d82de268-d2c7-528c-8f86-70ec4926a04f,Matthias Körber,"Matthias is a project manager at SmartSim GmbH, a company specializing in gas quality tracking in grids where gases of different qualities are mixed. He holds a PhD in mechanical engineering and focuses on automating workflows in QGIS for constructing graph-based models for flow simulations."
f6b6d6ec-73c0-514c-9adc-6b123dec7dc9,Henning Markgraf,"I am a Project Manager at SmartSim GmbH, working in the energy sector since 2017. My work focuses on implementing simulation projects at grid operators, with recent emphasis on using QGIS for spatial analysis and model development. I hold an M.Sc. in mechanical engineering and am particularly interested in open-source technologies, programming (Python and Go), and the energy transition."
86ce028b-4be3-5ac0-b26b-1020d8fbe0de,Inka Stinn,
9dbe0d22-4579-5efa-baa3-d6b11567fdec,Etta Grover-Silva,"Currently working at Centre Scientifique et Technique du Bâtiment (CSTB) as a research and developement engineer. My primary responsabilities are developing new features for building energy modeling software, using building energy models for research projects and contributing to the developement of the National Building Database (BDNB). I completed a European masters in Renewable Energy (EUREC) in 2013 and a Phd in Processes and Energy Systems (PERSEE Mines ParisTech) in 2018 related to optimization algorithms applied to electrical grids with a high renewable energy penetration."
e617670a-0926-578c-8751-cb856fdf02c6,Ben van Basten,"After studying Computer Science (Geometry, Imaging and Virtual Environments) at Utrecht University, Ben worked at several institutes and companies. The fields he worked in include robotics, virtual environments, motion capture, and movement analysis. Since 2022, Ben works as a developer at Nelen & Schuurmans."
1d993d1d-5dca-542f-98ca-60d561bb56bb,Karel Dieussaert,Geo-ICT solution architect at GeoSquare Belgium
2fc4b0e8-f682-5973-8e13-3e3561b40568,Shubham Tayade,https://www.linkedin.com/in/shubham-tayade-012340197/
f8adc93f-d3e8-5788-b863-507e2d168efa,Julian Kilker,
aef6461c-cf14-5ae3-ab83-f3891d5b7d5b,Yvonne Houy,
"06660bf8-0c03-5c8c-ab64-a8114d8322f4",Shirkou Moradi,"Master of Science in Geography at University of Zurich
GIS-Analyst at Departement of Defense
GIS-Manager at Canton Basel-Stadt
GIS-Coordinator at swisstopo"
6e0cf576-b333-579c-b9ff-ea015cfd6a22,Klaus Agerskov,"A Landscape technician with extensive experience in GIS applications for forestry and environmental management. With a background in teaching QGIS at Skovskolen, there is a strong focus on making spatial data accessible to all.

For the past tree years, the work at the Danish Nature Agency has centered on customizing QGIS for forestry operations and environmental protection.  With a passion for usability and open-source GIS solutions, the specialization lies in bridging the gap between complex spatial data and practical use."
5917dad0-8806-500c-9c5a-005c849c7fd8,Marco Micotti,"Environmental engineer and co-founder of SoftWater. His work focuses on data science and software development (Python, SQL), with a strong emphasis on geospatial applications, visual analytics platforms, and spatial data infrastructures. He has extensive experience in designing and developing geoportals and decision-support systems, particularly in water resources management and planning."
17cc6e5b-9e25-540b-a27c-e36cbded5738,Fabiana Jaramillo,"Colombian Environmental Administrator and GIS specialist focused on biodiversity conservation. She uses GIS, drone mapping, and spatial analysis to support environmental planning, conservation, sustainable decision-making, and environmental education, helping connect communities with nature through geospatial technologies."
f58914e5-c420-5480-af62-15fcec6b54f4,Sebastian Giersch,"Dr. Sebastian Giersch (He/Him) is a software developer and meteorologist with a strong background in computational science, high-performance computing, and numerical modeling. He holds a PhD in Meteorology (2023) from Leibniz Universität Hannover, where he investigated dust devil-like vortices in convective boundary layers using large-eddy simulations, direct numerical simulations, and laboratory experiments at the Barrel of Ilmenau. His research combined numerical modeling and experimental studies to better understand the structure, development, and maintenance of turbulent atmospheric vortices.

Following his PhD, Sebastian shifted his focus to software development and joined EBP Deutschland GmbH in May 2024. He specializes in developing and managing geospatial workflows and in building custom, data-driven software with meteorological applications, covering both backend and frontend development.

During his univeristy carreer, he contributed to the development of the PALM model system for turbulence-resolving simulations, supported teaching and international workshops, and instructed scientists and students in advanced modeling techniques.

Sebastian has extensive programming experience in Fortran, Java, and Python, with a strong emphasis on reproducible, automated, and scalable computational workflows.. He values collaboration, clear communication, and knowledge sharing, and is passionate about combining scientific rigor with practical software solutions."
c02a5e2f-c9f9-5418-9d8e-19756c869f02,Karl-Magnus Jönsson,Worked for many years with open source solutions in the public sector. Also char of the Swedish QGIS user group.
38596665-5435-5bc8-89cd-8269f822f505,Christopher J. Seeger,"Christopher J. Seeger; PLA, GISP is a Morrill Professor and Extension Specialist in Landscape Architecture and Geospatial Technology at Iowa State University. He leads the ISU Extension and Outreach Indicators Program and is the director of the Data Science for the Public Good Young Scholars Program. Professor Seeger specializes in the integration of geospatial technologies, collaborative design technologies, crowd-sourcing (Public Participation GIS and Volunteered Geographic Information) and data visualization to develop local current datasets and indicators that can be used in the community planning and design process."
da5860e6-c8ac-5835-97b0-3a13db891d16,COFT,"COFT designs efficient digital workflows for spatial planning and related disciplines, combining GIS-based data collection, mobile field surveys, and automated data processing. In addition, COFT enhances the communicative side of planning through technical drawings, feasibility studies and architectural design. This reduces manual effort and helps clients understand and use complex spatial data."
f8c99f10-9b88-5357-ae2a-4c7872e37221,David Bögner,
31f270bf-a3c7-510d-85c9-c5dc83437262,Marios S. Kyriakou,"Marios S. Kyriakou (M.Sc.) is a Senior Software Engineer at the KIOS Research and Innovation Center of Excellence, University of Cyprus, since September 2025. He previously served as a Software Engineer (2014–2025) and a Researcher (2011–2014). He holds a B.Sc. (2012) and an M.Sc. (2014) in Electrical Engineering from the University of Cyprus.

His expertise lies in smart water systems, digital twins, IoT, and open-source research software. He has worked with different teams, focusing on smart water, power, GIS, and emergency management. He has led the development of widely used tools like the EPANET-MATLAB Toolkit, EPANET-Python Toolkit (EPyT), and 15 open-source smart apps with over 800,000 downloads. He has led the technical part of Smart Water Team Innovation Hub projects, such as the Oceanos and Zenon Digital Twin platforms for water utilities and wastewater in Cyprus, and was a member of the core team that developed the national COVID-19 Information Management System.

His contributions have been recognized with the Water Europe Digital Water Award (2024) for PathoINVEST and the Best Paper Award at IJCAI (2024) for EPyT-Flow. He founded the online QGIS Cyprus community, serves on the KIOS Open Science Committee, and is a member of ETEK."
909a112c-ac43-5927-a377-346415faa01b,Andreas M. Georgiou,"Andreas holds a B.Sc. in Environmental Sciences and an M.Sc. in Applied Geo-Informatics in Environmental and Risk Management, both from the University of the Aegean, Greece. He has worked as a Research Associate at several universities and NGOs, contributing to numerous European and national research projects in the fields of Geographical Information Systems (GIS), remote sensing, spatial analysis, and data analytics.
His work focuses on the application of geo-spatial tools and methods to monitor, understand, and address complex real-world challenges. His expertise includes thematic cartography, spatial modeling, data management, and the development of GIS-based decision-support systems and tools. He has been also involved in the introduction of GIS systems to education, presuming several presentations and workshops.
At KIOS, Andreas leads the GIS team, driving the development of digital geo-spatial solutions, tools, and ecosystems that foster collaboration with the public sector, such as GNOSIS, the Cyprus Transport Networks Digital Twin (CyNetTwin), School Network Planning (SNP), and CyNAP. His work supports the digital transformation of public authorities while ensuring alignment with local and EU policies and directives.
He has also been actively involved in the promotion of GIS in education, delivering several presentations, workshops, and outreach activities to raise awareness and strengthen capacity in the field of geospatial technologies. Andreas is a board member of ‘QGIS Cyprus’ community."
e62ed31e-a948-53ac-858f-9ed3e20d8a47,Matthew Toro,"Matthew Toro is a broadly trained geographer serving as the director of maps, imagery, and geospatial services at the Arizona State University Library in Tempe, Arizona. He founded and leads the Map and Geospatial Hub, a fusion of a traditional map library and a modern GIS center. The Hub executes a wide range of projects at the intersection of data management, geography, history, cartography, and visualization."
174f96b8-c9eb-5004-b138-1a04fe192a57,ADRIANA RAMIREZ CUEBAS,"Urban landscape design and engineering researcher focused on outdoor thermal comfort and decarbonization.
Research and Personal Work Page: https://www.hurarcan.com/

BSc in Civil and Environmental Engineering from UPRM 23', MSc in Building Technology from MIT 25', Fulbright Pre-doctoral Research Fellow 25-26'."
5dd3557f-773e-5442-9df6-a88b057ed8eb,Isabel KIEFER,
74105dc5-8ebf-551f-a699-baeb71a0db1d,Alexandra Erbach,
fe00cb76-628d-58e1-8675-e03d74391992,Martin Dobias,"Got into QGIS development back in 2005 and stayed since then! Working at Lutra Consulting, delivering open source GIS to clients and helping open source GIS ecosystem to grow."
bd6e586a-1a9d-58bf-ae65-de9992689cb5,Aleksei Novikov,
25e95196-a04c-5e05-ba4f-0adf7effd9cb,Riikka Nousiainen,"Riikka is a GIS software developer and has been working as a long-term contractor for the National Land Survey of Finland, first developing QGIS based topographic data management system and more recently working on Airflow based cartographic generalization system. She is also a maintainer of the qgis-plugin-dev-tools library."
72bcd292-7ba6-53b2-97f2-e95ed95a0435,Ivan Ivanov,
"0df177d6-e450-5a66-8bbd-03d5530ffe56",Julien WADDLE,"Cartographer turned geomatics specialist, I discovered the open-source world in 2012. Passionate about QGIS and PostGIS, I enjoy finding efficient ways to simplify mapping workflows and sharing my knowledge through training, presentations, and consulting."
